beta,p-val,R-squared
"[0.6691379651598472, 0.19476952444263199, -0.06278803500233278, -5.970223047266806e-17, 1.9677289145719826e-17, 0.03906375064460614, -0.3519058462592449, -0.07979546513938503]",0.4836803642033699,0.017588282971972236
"[0.6691379651598472, 0.19476952444263199, -0.06278803500233278, -5.970223047266806e-17, 1.9677289145719826e-17, 0.03906375064460614, -0.3519058462592449, -0.07979546513938503]",0.4836803642033699,0.017588282971972236
"[0.6691379651598472, 0.19476952444263199, -0.06278803500233278, -5.970223047266806e-17, 1.9677289145719826e-17, 0.03906375064460614, -0.3519058462592449, -0.07979546513938503]",0.4836803642033699,0.017588282971972236
"[0.6670455107673073, 0.2077038577647939, -0.0648804893948746, 3.7560787170130835e-16, -4.802198949365373e-17, 0.03697129625206437, -0.3539983006517863, -0.08226752649884096]",0.4701715018690804,0.017983298718975527
